{
  "venues": [
    {
      "state": null,
      "name_v2": "High Ultra Lounge",
      "postal_code": "",
      "name": "High Ultra Lounge",
      "links": [],
      "timezone": null,
      "url": "https://seatgeek.com/venues/high-ultra-lounge/tickets",
      "score": 0,
      "location": {
        "lat": 12.9833,
        "lon": 77.5833
      },
      "address": null,
      "country": "India",
      "has_upcoming_events": false,
      "num_upcoming_events": 0,
      "city": "Bangalore",
      "slug": "high-ultra-lounge",
      "extended_address": "Bangalore, India",
      "stats": {
        "event_count": 0
      },
      "id": 345461,
      "popularity": 0,
      "access_method": null,
      "metro_code": 0,
      "capacity": 0,
      "display_location": "Bangalore, India"
    },
    {
      "state": null,
      "name_v2": "UBCity",
      "postal_code": "",
      "name": "UBCity",
      "links": [],
      "timezone": null,
      "url": "https://seatgeek.com/venues/ubcity/tickets",
      "score": 0,
      "location": {
        "lat": 12.9833,
        "lon": 77.5833
      },
      "address": null,
      "country": "India",
      "has_upcoming_events": false,
      "num_upcoming_events": 0,
      "city": "Bangalore",
      "slug": "ubcity",
      "extended_address": "Bangalore, India",
      "stats": {
        "event_count": 0
      },
      "id": 346878,
      "popularity": 0,
      "access_method": null,
      "metro_code": 0,
      "capacity": 0,
      "display_location": "Bangalore, India"
    },
    {
      "state": null,
      "name_v2": "Temple Tree",
      "postal_code": "",
      "name": "Temple Tree",
      "links": [],
      "timezone": null,
      "url": "https://seatgeek.com/venues/temple-tree/tickets",
      "score": 0,
      "location": {
        "lat": 12.9833,
        "lon": 77.5833
      },
      "address": null,
      "country": "India",
      "has_upcoming_events": false,
      "num_upcoming_events": 0,
      "city": "Bangalore",
      "slug": "temple-tree",
      "extended_address": "Bangalore, India",
      "stats": {
        "event_count": 0
      },
      "id": 400024,
      "popularity": 0,
      "access_method": null,
      "metro_code": 0,
      "capacity": 0,
      "display_location": "Bangalore, India"
    },
    {
      "state": null,
      "name_v2": "The Whitefield Project",
      "postal_code": "560048",
      "name": "The Whitefield Project",
      "links": [],
      "timezone": null,
      "url": "https://seatgeek.com/venues/the-whitefield-project/tickets",
      "score": 0,
      "location": {
        "lat": 12.9894,
        "lon": 77.7272
      },
      "address": "#22105, Tower 22",
      "country": "India",
      "has_upcoming_events": false,
      "num_upcoming_events": 0,
      "city": "Bangalore",
      "slug": "the-whitefield-project",
      "extended_address": "Bangalore, India",
      "stats": {
        "event_count": 0
      },
      "id": 432319,
      "popularity": 0,
      "access_method": null,
      "metro_code": 0,
      "capacity": 0,
      "display_location": "Bangalore, India"
    },
    {
      "state": null,
      "name_v2": "Chancery Pavilion",
      "postal_code": "",
      "name": "Chancery Pavilion",
      "links": [],
      "timezone": "Asia/Kolkata",
      "url": "https://seatgeek.com/venues/chancery-pavilion/tickets",
      "score": 0,
      "location": {
        "lat": 12.9723,
        "lon": 77.6077
      },
      "address": "135 Residency Road",
      "country": "India",
      "has_upcoming_events": false,
      "num_upcoming_events": 0,
      "city": "Bangalore",
      "slug": "chancery-pavilion",
      "extended_address": "Bangalore, India",
      "stats": {
        "event_count": 0
      },
      "id": 127971,
      "popularity": 0,
      "access_method": null,
      "metro_code": 0,
      "capacity": 0,
      "display_location": "Bangalore, India"
    },
    {
      "state": null,
      "name_v2": "Kangaroo Bar, Castle Street",
      "postal_code": "",
      "name": "Kangaroo Bar, Castle Street",
      "links": [],
      "timezone": null,
      "url": "https://seatgeek.com/venues/kangaroo-bar-castle-street/tickets",
      "score": 0,
      "location": {
        "lat": 12.9833,
        "lon": 77.5833
      },
      "address": null,
      "country": "India",
      "has_upcoming_events": false,
      "num_upcoming_events": 0,
      "city": "Bangalore",
      "slug": "kangaroo-bar-castle-street",
      "extended_address": "Bangalore, India",
      "stats": {
        "event_count": 0
      },
      "id": 286626,
      "popularity": 0,
      "access_method": null,
      "metro_code": 0,
      "capacity": 0,
      "display_location": "Bangalore, India"
    },
    {
      "state": null,
      "name_v2": "Social",
      "postal_code": "",
      "name": "Social",
      "links": [],
      "timezone": null,
      "url": "https://seatgeek.com/venues/social-9/tickets",
      "score": 0,
      "location": {
        "lat": 12.9761,
        "lon": 77.6012
      },
      "address": null,
      "country": "India",
      "has_upcoming_events": false,
      "num_upcoming_events": 0,
      "city": "Bangalore",
      "slug": "social-9",
      "extended_address": "Bangalore, India",
      "stats": {
        "event_count": 0
      },
      "id": 294885,
      "popularity": 0,
      "access_method": null,
      "metro_code": 0,
      "capacity": 0,
      "display_location": "Bangalore, India"
    },
    {
      "state": null,
      "name_v2": "Jayamahal Palace",
      "postal_code": "",
      "name": "Jayamahal Palace",
      "links": [],
      "timezone": "Asia/Kolkata",
      "url": "https://seatgeek.com/venues/jayamahal-palace/tickets",
      "score": 0,
      "location": {
        "lat": 12.99,
        "lon": 77.5857
      },
      "address": "#1 Jayamahal Road",
      "country": "India",
      "has_upcoming_events": false,
      "num_upcoming_events": 0,
      "city": "Bangalore",
      "slug": "jayamahal-palace",
      "extended_address": "Bangalore, India",
      "stats": {
        "event_count": 0
      },
      "id": 359098,
      "popularity": 0,
      "access_method": null,
      "metro_code": 0,
      "capacity": 0,
      "display_location": "Bangalore, India"
    },
    {
      "state": null,
      "name_v2": "The Lost Caravan",
      "postal_code": "",
      "name": "The Lost Caravan",
      "links": [],
      "timezone": "Asia/Kolkata",
      "url": "https://seatgeek.com/venues/the-lost-caravan/tickets",
      "score": 0,
      "location": {
        "lat": 12.9746,
        "lon": 77.6074
      },
      "address": null,
      "country": "India",
      "has_upcoming_events": false,
      "num_upcoming_events": 0,
      "city": "Bengaluru",
      "slug": "the-lost-caravan",
      "extended_address": "Bengaluru, India",
      "stats": {
        "event_count": 0
      },
      "id": 323345,
      "popularity": 0,
      "access_method": null,
      "metro_code": 0,
      "capacity": 0,
      "display_location": "Bengaluru, India"
    },
    {
      "state": null,
      "name_v2": "Murphy's The Paul",
      "postal_code": "",
      "name": "Murphy's The Paul",
      "links": [],
      "timezone": null,
      "url": "https://seatgeek.com/venues/murphy-s-the-paul/tickets",
      "score": 0,
      "location": {
        "lat": 12.9833,
        "lon": 77.5833
      },
      "address": null,
      "country": "India",
      "has_upcoming_events": false,
      "num_upcoming_events": 0,
      "city": "Bangalore",
      "slug": "murphy-s-the-paul",
      "extended_address": "Bangalore, India",
      "stats": {
        "event_count": 0
      },
      "id": 235160,
      "popularity": 0,
      "access_method": null,
      "metro_code": 0,
      "capacity": 0,
      "display_location": "Bangalore, India"
    }
  ],
  "meta": {
    "total": 145,
    "took": 2,
    "page": 1,
    "per_page": 10,
    "geolocation": {
      "lat": 12.9634,
      "lon": 77.5855,
      "city": "Chamrajpet",
      "state": "19",
      "country": "IN",
      "postal_code": "560018",
      "display_name": "Chamrajpet, IN",
      "metro_code": null,
      "range": "12mi"
    }
  }
}
